<?xml version="1.0" encoding="UTF-8"?>
<root>
  <item name="com.cocosw.undobar.UndoBarController.UndoBar com.cocosw.undobar.UndoBarController.UndoBar message(int) 0">
    <annotation name="android.support.annotation.StringRes" />
  </item>
  <item name="com.cocosw.undobar.UndoBarStyle UndoBarStyle(int, int) 0">
    <annotation name="android.support.annotation.DrawableRes" />
  </item>
  <item name="com.cocosw.undobar.UndoBarStyle UndoBarStyle(int, int) 1">
    <annotation name="android.support.annotation.StringRes" />
  </item>
  <item name="com.cocosw.undobar.UndoBarStyle UndoBarStyle(int, int, int, long) 0">
    <annotation name="android.support.annotation.DrawableRes" />
  </item>
  <item name="com.cocosw.undobar.UndoBarStyle UndoBarStyle(int, int, int, long) 1">
    <annotation name="android.support.annotation.StringRes" />
  </item>
  <item name="com.cocosw.undobar.UndoBarStyle UndoBarStyle(int, int, int, long) 2">
    <annotation name="android.support.annotation.DrawableRes" />
  </item>
  <item name="com.cocosw.undobar.UndoBarStyle UndoBarStyle(int, int, long) 0">
    <annotation name="android.support.annotation.DrawableRes" />
  </item>
  <item name="com.cocosw.undobar.UndoBarStyle UndoBarStyle(int, int, long) 1">
    <annotation name="android.support.annotation.StringRes" />
  </item>
</root>

